id,photo,music
1,/photos/p1.jpeg,/music/m1.mp3
2,/photos/p2.jpeg,
3,/photos/p3.jpeg,
4,/photos/p4.jpeg,
5,/photos/p5.jpeg,
6,/photos/p6.jpeg,
7,/photos/p7.jpeg,
8,/photos/p8.jpeg,
9,/photos/p9.jpeg,
10,/photos/p10.jpeg,
11,/photos/p11.jpeg,
12,/photos/p12.jpeg,
13,/photos/p13.jpeg,
14,/photos/p14.jpeg,
15,/photos/p15.jpeg,
16,/photos/p16.jpeg,
17,/photos/p17.jpeg,
18,/photos/p18.jpeg,
19,/photos/p19.jpeg,
20,/photos/p20.jpeg,
21,/photos/p21.jpeg,
22,/photos/p22.jpeg,
23,/photos/p23.jpeg,
24,/photos/p24.jpeg,
25,/photos/p25.jpeg,
26,/photos/p26.jpeg,
27,/photos/p27.jpeg,
28,/photos/p28.jpeg,
29,/photos/p29.jpeg,
30,/photos/p30.jpeg,
31,/photos/p31.jpeg,
32,/photos/p32.jpeg,
33,/photos/p33.jpeg
